[{"pk": 22, "model": "auth.permission", "fields": {"codename": "add_logentry", "name": "Can add log entry", "content_type": 8}}, {"pk": 23, "model": "auth.permission", "fields": {"codename": "change_logentry", "name": "Can change log entry", "content_type": 8}}, {"pk": 24, "model": "auth.permission", "fields": {"codename": "delete_logentry", "name": "Can delete log entry", "content_type": 8}}, {"pk": 4, "model": "auth.permission", "fields": {"codename": "add_group", "name": "Can add group", "content_type": 2}}, {"pk": 10, "model": "auth.permission", "fields": {"codename": "add_message", "name": "Can add message", "content_type": 4}}, {"pk": 1, "model": "auth.permission", "fields": {"codename": "add_permission", "name": "Can add permission", "content_type": 1}}, {"pk": 7, "model": "auth.permission", "fields": {"codename": "add_user", "name": "Can add user", "content_type": 3}}, {"pk": 5, "model": "auth.permission", "fields": {"codename": "change_group", "name": "Can change group", "content_type": 2}}, {"pk": 11, "model": "auth.permission", "fields": {"codename": "change_message", "name": "Can change message", "content_type": 4}}, {"pk": 2, "model": "auth.permission", "fields": {"codename": "change_permission", "name": "Can change permission", "content_type": 1}}, {"pk": 8, "model": "auth.permission", "fields": {"codename": "change_user", "name": "Can change user", "content_type": 3}}, {"pk": 6, "model": "auth.permission", "fields": {"codename": "delete_group", "name": "Can delete group", "content_type": 2}}, {"pk": 12, "model": "auth.permission", "fields": {"codename": "delete_message", "name": "Can delete message", "content_type": 4}}, {"pk": 3, "model": "auth.permission", "fields": {"codename": "delete_permission", "name": "Can delete permission", "content_type": 1}}, {"pk": 9, "model": "auth.permission", "fields": {"codename": "delete_user", "name": "Can delete user", "content_type": 3}}, {"pk": 25, "model": "auth.permission", "fields": {"codename": "add_account", "name": "Can add Account", "content_type": 9}}, {"pk": 31, "model": "auth.permission", "fields": {"codename": "add_booking", "name": "Can add Booking", "content_type": 11}}, {"pk": 34, "model": "auth.permission", "fields": {"codename": "add_counterpart", "name": "Can add Counterpart", "content_type": 12}}, {"pk": 37, "model": "auth.permission", "fields": {"codename": "add_invoice", "name": "Can add Invoice", "content_type": 13}}, {"pk": 28, "model": "auth.permission", "fields": {"codename": "add_transaction", "name": "Can add Transaction", "content_type": 10}}, {"pk": 26, "model": "auth.permission", "fields": {"codename": "change_account", "name": "Can change Account", "content_type": 9}}, {"pk": 32, "model": "auth.permission", "fields": {"codename": "change_booking", "name": "Can change Booking", "content_type": 11}}, {"pk": 35, "model": "auth.permission", "fields": {"codename": "change_counterpart", "name": "Can change Counterpart", "content_type": 12}}, {"pk": 38, "model": "auth.permission", "fields": {"codename": "change_invoice", "name": "Can change Invoice", "content_type": 13}}, {"pk": 29, "model": "auth.permission", "fields": {"codename": "change_transaction", "name": "Can change Transaction", "content_type": 10}}, {"pk": 27, "model": "auth.permission", "fields": {"codename": "delete_account", "name": "Can delete Account", "content_type": 9}}, {"pk": 33, "model": "auth.permission", "fields": {"codename": "delete_booking", "name": "Can delete Booking", "content_type": 11}}, {"pk": 36, "model": "auth.permission", "fields": {"codename": "delete_counterpart", "name": "Can delete Counterpart", "content_type": 12}}, {"pk": 39, "model": "auth.permission", "fields": {"codename": "delete_invoice", "name": "Can delete Invoice", "content_type": 13}}, {"pk": 30, "model": "auth.permission", "fields": {"codename": "delete_transaction", "name": "Can delete Transaction", "content_type": 10}}, {"pk": 13, "model": "auth.permission", "fields": {"codename": "add_contenttype", "name": "Can add content type", "content_type": 5}}, {"pk": 14, "model": "auth.permission", "fields": {"codename": "change_contenttype", "name": "Can change content type", "content_type": 5}}, {"pk": 15, "model": "auth.permission", "fields": {"codename": "delete_contenttype", "name": "Can delete content type", "content_type": 5}}, {"pk": 16, "model": "auth.permission", "fields": {"codename": "add_session", "name": "Can add session", "content_type": 6}}, {"pk": 17, "model": "auth.permission", "fields": {"codename": "change_session", "name": "Can change session", "content_type": 6}}, {"pk": 18, "model": "auth.permission", "fields": {"codename": "delete_session", "name": "Can delete session", "content_type": 6}}, {"pk": 19, "model": "auth.permission", "fields": {"codename": "add_site", "name": "Can add site", "content_type": 7}}, {"pk": 20, "model": "auth.permission", "fields": {"codename": "change_site", "name": "Can change site", "content_type": 7}}, {"pk": 21, "model": "auth.permission", "fields": {"codename": "delete_site", "name": "Can delete site", "content_type": 7}}, {"pk": 1, "model": "auth.user", "fields": {"username": "tom", "first_name": "", "last_name": "", "is_active": true, "is_superuser": true, "is_staff": true, "last_login": "2010-05-02 16:35:36", "groups": [], "user_permissions": [], "password": "sha1$a2a02$30e2dd996ec6615be71210ee67f718dd38192d65", "email": "t@tmy.se", "date_joined": "2010-05-02 16:34:31"}}, {"pk": 9, "model": "contenttypes.contenttype", "fields": {"model": "account", "name": "Account", "app_label": "bk"}}, {"pk": 11, "model": "contenttypes.contenttype", "fields": {"model": "booking", "name": "Booking", "app_label": "bk"}}, {"pk": 12, "model": "contenttypes.contenttype", "fields": {"model": "counterpart", "name": "Counterpart", "app_label": "bk"}}, {"pk": 13, "model": "contenttypes.contenttype", "fields": {"model": "invoice", "name": "Invoice", "app_label": "bk"}}, {"pk": 10, "model": "contenttypes.contenttype", "fields": {"model": "transaction", "name": "Transaction", "app_label": "bk"}}, {"pk": 5, "model": "contenttypes.contenttype", "fields": {"model": "contenttype", "name": "content type", "app_label": "contenttypes"}}, {"pk": 2, "model": "contenttypes.contenttype", "fields": {"model": "group", "name": "group", "app_label": "auth"}}, {"pk": 8, "model": "contenttypes.contenttype", "fields": {"model": "logentry", "name": "log entry", "app_label": "admin"}}, {"pk": 4, "model": "contenttypes.contenttype", "fields": {"model": "message", "name": "message", "app_label": "auth"}}, {"pk": 1, "model": "contenttypes.contenttype", "fields": {"model": "permission", "name": "permission", "app_label": "auth"}}, {"pk": 6, "model": "contenttypes.contenttype", "fields": {"model": "session", "name": "session", "app_label": "sessions"}}, {"pk": 7, "model": "contenttypes.contenttype", "fields": {"model": "site", "name": "site", "app_label": "sites"}}, {"pk": 3, "model": "contenttypes.contenttype", "fields": {"model": "user", "name": "user", "app_label": "auth"}}, {"pk": "8c0d9ae6f2d4a23e53de124f398981fd", "model": "sessions.session", "fields": {"expire_date": "2010-05-16 16:35:36", "session_data": "gAJ9cQEoVRJfYXV0aF91c2VyX2JhY2tlbmRxAlUpZGphbmdvLmNvbnRyaWIuYXV0aC5iYWNrZW5k\ncy5Nb2RlbEJhY2tlbmRxA1UNX2F1dGhfdXNlcl9pZHEESwF1LmRiZDk2NjBhMjk5OTRkODFiNjRi\nM2Q4OWMzOWIxNmM5\n"}}, {"pk": 1, "model": "sites.site", "fields": {"domain": "example.com", "name": "example.com"}}, {"pk": 11, "model": "admin.logentry", "fields": {"action_flag": 1, "action_time": "2010-05-03 08:36:48", "object_repr": "107, 2009-10-01, bankavgifter f\u00f6r 4 st erh\u00e5llna eu-betalningar", "object_id": "107", "change_message": "", "user": 1, "content_type": 10}}, {"pk": 10, "model": "admin.logentry", "fields": {"action_flag": 1, "action_time": "2010-05-03 08:35:25", "object_repr": "6900 \u00d6vriga kostnader", "object_id": "6900", "change_message": "", "user": 1, "content_type": 9}}, {"pk": 9, "model": "admin.logentry", "fields": {"action_flag": 2, "action_time": "2010-05-03 08:23:50", "object_repr": "101, 2009-09-01, Faktura: delanv\u00e4ndning av serverkapacitet", "object_id": "101", "change_message": "\u00c4ndrade date.", "user": 1, "content_type": 10}}, {"pk": 8, "model": "admin.logentry", "fields": {"action_flag": 1, "action_time": "2010-05-03 08:00:29", "object_repr": "88, 2009-10-11, eget uttag", "object_id": "88", "change_message": "", "user": 1, "content_type": 10}}, {"pk": 7, "model": "admin.logentry", "fields": {"action_flag": 1, "action_time": "2010-05-03 07:54:45", "object_repr": "Webhallen", "object_id": "4", "change_message": "", "user": 1, "content_type": 12}}, {"pk": 6, "model": "admin.logentry", "fields": {"action_flag": 1, "action_time": "2010-05-03 07:42:07", "object_repr": "73, 2009-07-27, egen ins\u00e4ttning", "object_id": "73", "change_message": "", "user": 1, "content_type": 10}}, {"pk": 5, "model": "admin.logentry", "fields": {"action_flag": 2, "action_time": "2010-05-03 07:33:45", "object_repr": "63, 2009-05-14, Betalninv av faktura: dom\u00e4nnamn oddfellas.se samt tmy.se", "object_id": "63", "change_message": "\u00c4ndrade date.", "user": 1, "content_type": 10}}, {"pk": 4, "model": "admin.logentry", "fields": {"action_flag": 2, "action_time": "2010-05-03 07:32:23", "object_repr": "63, 2009-06-08, Betalninv av faktura: dom\u00e4nnamn oddfellas.se samt tmy.se", "object_id": "63", "change_message": "\u00c4ndrade acc p\u00e5 Post \"Booking on (2010 Eget kapital) D: C:198\".", "user": 1, "content_type": 10}}, {"pk": 3, "model": "admin.logentry", "fields": {"action_flag": 1, "action_time": "2010-05-03 07:29:37", "object_repr": "66, 2009-06-10, egen ins\u00e4ttning", "object_id": "66", "change_message": "", "user": 1, "content_type": 10}}, {"pk": 2, "model": "admin.logentry", "fields": {"action_flag": 1, "action_time": "2010-05-03 07:10:44", "object_repr": "57, 2009-01-01, G\u00f6r r\u00e4tt med att dela upp checkkonto och Paypal", "object_id": "57", "change_message": "", "user": 1, "content_type": 10}}, {"pk": 1, "model": "admin.logentry", "fields": {"action_flag": 1, "action_time": "2010-05-03 07:06:58", "object_repr": "1970 S\u00e4rskilda bankkonton (PayPal)", "object_id": "1970", "change_message": "", "user": 1, "content_type": 9}}, {"pk": 1220, "model": "bk.account", "fields": {"balance": "11904.11", "debinc": true, "description": "Maskiner och inventarier"}}, {"pk": 1500, "model": "bk.account", "fields": {"balance": "2021.2", "debinc": true, "description": "Kundfordringar"}}, {"pk": 1930, "model": "bk.account", "fields": {"balance": "4752.02", "debinc": true, "description": "Checkr\u00e4kningskonto"}}, {"pk": 1970, "model": "bk.account", "fields": {"balance": "1559.13", "debinc": true, "description": "S\u00e4rskilda bankkonton (PayPal)"}}, {"pk": 2010, "model": "bk.account", "fields": {"balance": "-7202", "debinc": false, "description": "Eget kapital"}}, {"pk": 2440, "model": "bk.account", "fields": {"balance": "0", "debinc": false, "description": "Leverant\u00f6rsskulder"}}, {"pk": 2610, "model": "bk.account", "fields": {"balance": "3537.17", "debinc": false, "description": "Utg\u00e5ende moms  oreducerad"}}, {"pk": 2614, "model": "bk.account", "fields": {"balance": "-1478.31", "debinc": false, "description": "Ber\u00e4knad utg\u00e5ende moms p\u00e5 tj\u00e4nstef\u00f6rv\u00e4rv fr\u00e5n utlandet  oreducerad"}}, {"pk": 2640, "model": "bk.account", "fields": {"balance": "-232.8", "debinc": false, "description": "Ing\u00e5ende moms"}}, {"pk": 2645, "model": "bk.account", "fields": {"balance": "1478.31", "debinc": false, "description": "Ber\u00e4knad ing\u00e5ende moms p\u00e5 f\u00f6rv\u00e4rv fr\u00e5n utlandet"}}, {"pk": 3000, "model": "bk.account", "fields": {"balance": "14148.68", "debinc": false, "description": "F\u00f6rs\u00e4ljning och utf\u00f6rt arbete samt \u00f6vriga momspliktiga int\u00e4kter"}}, {"pk": 3100, "model": "bk.account", "fields": {"balance": "0", "debinc": false, "description": "Momsfria int\u00e4kter"}}, {"pk": 4000, "model": "bk.account", "fields": {"balance": "0", "debinc": true, "description": "Varor"}}, {"pk": 4600, "model": "bk.account", "fields": {"balance": "6166", "debinc": true, "description": "Legoarbeten och underentreprenader"}}, {"pk": 5400, "model": "bk.account", "fields": {"balance": "678.4", "debinc": true, "description": "F\u00f6rbrukningsinventarier och f\u00f6rbrukningsmaterial"}}, {"pk": 5500, "model": "bk.account", "fields": {"balance": "0", "debinc": true, "description": "Reparation och underh\u00e5ll"}}, {"pk": 6100, "model": "bk.account", "fields": {"balance": "0", "debinc": true, "description": "Kontorsmateriel och trycksaker"}}, {"pk": 6900, "model": "bk.account", "fields": {"balance": "40", "debinc": true, "description": "\u00d6vriga kostnader"}}, {"pk": 7830, "model": "bk.account", "fields": {"balance": "0", "debinc": true, "description": "Avskrivningar p\u00e5 maskiner och inventarier"}}, {"pk": 7960, "model": "bk.account", "fields": {"balance": "151.22", "debinc": true, "description": "Valutakursf\u00f6rluster p\u00e5 fordringar och skulder av r\u00f6relsekarakt\u00e4r"}}, {"pk": 1, "model": "bk.transaction", "fields": {"date": "2009-01-01", "description": "\u00f6verdrag fr\u00e5n 2009, tillg\u00e5ngar"}}, {"pk": 13, "model": "bk.transaction", "fields": {"date": "2009-01-13", "description": "eget uttag"}}, {"pk": 14, "model": "bk.transaction", "fields": {"date": "2009-01-26", "description": "egen ins\u00e4ttning (pengar som borde ha kommit till privatkonto)"}}, {"pk": 15, "model": "bk.transaction", "fields": {"date": "2009-03-15", "description": "valutaskillnad f\u00f6r poster 48,52,53,54"}}, {"pk": 16, "model": "bk.transaction", "fields": {"date": "2009-03-15", "description": "ber\u00e4knat moms (EG) f\u00f6r poster 49-54"}}, {"pk": 17, "model": "bk.transaction", "fields": {"date": "2009-04-15", "description": "egen ins\u00e4ttning"}}, {"pk": 49, "model": "bk.transaction", "fields": {"date": "2009-01-23", "description": "dom\u00e4nnamn erderhitzung.de"}}, {"pk": 50, "model": "bk.transaction", "fields": {"date": "2009-03-11", "description": "dom\u00e4nnamn fiket.de"}}, {"pk": 51, "model": "bk.transaction", "fields": {"date": "2009-03-13", "description": "dom\u00e4nnamn mm-westernreiten.de"}}, {"pk": 52, "model": "bk.transaction", "fields": {"date": "2009-01-01", "description": "hyra av server"}}, {"pk": 53, "model": "bk.transaction", "fields": {"date": "2009-02-01", "description": "hyra av server"}}, {"pk": 54, "model": "bk.transaction", "fields": {"date": "2009-03-01", "description": "hyra av server"}}, {"pk": 55, "model": "bk.transaction", "fields": {"date": "2009-04-01", "description": "Faktura: serverhyra"}}, {"pk": 56, "model": "bk.transaction", "fields": {"date": "2009-04-06", "description": "Invoice Payment: serverhyra"}}, {"pk": 57, "model": "bk.transaction", "fields": {"date": "2009-01-01", "description": "G\u00f6r r\u00e4tt med att dela upp checkkonto och Paypal"}}, {"pk": 58, "model": "bk.transaction", "fields": {"date": "2009-05-01", "description": "Faktura: serverhyra"}}, {"pk": 59, "model": "bk.transaction", "fields": {"date": "2009-05-07", "description": "Betalninv av faktura: serverhyra"}}, {"pk": 60, "model": "bk.transaction", "fields": {"date": "2009-05-01", "description": "Faktura: dom\u00e4nnamn star-fromaing-dwarfs.org samt atheistundgut.de"}}, {"pk": 61, "model": "bk.transaction", "fields": {"date": "2009-05-13", "description": "Betalninv av faktura: dom\u00e4nnamn star-fromaing-dwarfs.org samt atheistundgut.de"}}, {"pk": 62, "model": "bk.transaction", "fields": {"date": "2009-05-04", "description": "Faktura: dom\u00e4nnamn oddfellas.se samt tmy.se"}}, {"pk": 63, "model": "bk.transaction", "fields": {"date": "2009-05-14", "description": "Betalninv av faktura: dom\u00e4nnamn oddfellas.se samt tmy.se"}}, {"pk": 64, "model": "bk.transaction", "fields": {"date": "2009-06-01", "description": "Faktura: serverhyra"}}, {"pk": 65, "model": "bk.transaction", "fields": {"date": "2009-06-05", "description": "Betalninv av faktura: serverhyra"}}, {"pk": 66, "model": "bk.transaction", "fields": {"date": "2009-06-10", "description": "egen ins\u00e4ttning"}}, {"pk": 67, "model": "bk.transaction", "fields": {"date": "2009-06-06", "description": "Faktura: dom\u00e4nnamn betreff.eu"}}, {"pk": 68, "model": "bk.transaction", "fields": {"date": "2009-06-08", "description": "Betalninv av faktura: dom\u00e4nnamn betreff.eu"}}, {"pk": 69, "model": "bk.transaction", "fields": {"date": "2009-06-25", "description": "Faktura: dom\u00e4nnamn thomasmarquart.net"}}, {"pk": 70, "model": "bk.transaction", "fields": {"date": "2009-06-26", "description": "Betalninv av faktura: dom\u00e4nnamn thomasmarquart.net"}}, {"pk": 71, "model": "bk.transaction", "fields": {"date": "2009-07-01", "description": "Faktura: serverhyra"}}, {"pk": 72, "model": "bk.transaction", "fields": {"date": "2009-07-07", "description": "Betalninv av faktura: serverhyra"}}, {"pk": 73, "model": "bk.transaction", "fields": {"date": "2009-07-27", "description": "egen ins\u00e4ttning"}}, {"pk": 74, "model": "bk.transaction", "fields": {"date": "2009-08-01", "description": "Faktura: serverhyra"}}, {"pk": 75, "model": "bk.transaction", "fields": {"date": "2009-08-06", "description": "Betalninv av faktura: serverhyra"}}, {"pk": 76, "model": "bk.transaction", "fields": {"date": "2009-09-01", "description": "Faktura: dom\u00e4nnamn marquart.se"}}, {"pk": 77, "model": "bk.transaction", "fields": {"date": "2009-09-02", "description": "Betalninv av faktura: dom\u00e4nnamn marquart.se"}}, {"pk": 78, "model": "bk.transaction", "fields": {"date": "2009-09-01", "description": "Faktura: serverhyra"}}, {"pk": 79, "model": "bk.transaction", "fields": {"date": "2009-09-04", "description": "Betalninv av faktura: serverhyra"}}, {"pk": 80, "model": "bk.transaction", "fields": {"date": "2009-09-28", "description": "Faktura: dom\u00e4nnamn apparentbrightness.net"}}, {"pk": 81, "model": "bk.transaction", "fields": {"date": "2009-09-04", "description": "Betalninv av faktura: dom\u00e4nnamn apparentbrightness.net"}}, {"pk": 82, "model": "bk.transaction", "fields": {"date": "2009-09-15", "description": "Faktura: h\u00e5rddisk f\u00f6r fotolagring och backup"}}, {"pk": 83, "model": "bk.transaction", "fields": {"date": "2009-09-16", "description": "Betalninv av faktura: h\u00e5rddisk f\u00f6r fotolagring och backup"}}, {"pk": 84, "model": "bk.transaction", "fields": {"date": "2009-10-01", "description": "Faktura: serverhyra"}}, {"pk": 85, "model": "bk.transaction", "fields": {"date": "2009-10-07", "description": "Betalninv av faktura: serverhyra"}}, {"pk": 86, "model": "bk.transaction", "fields": {"date": "2009-10-07", "description": "Faktura: dom\u00e4nnamn blogressiv.de"}}, {"pk": 87, "model": "bk.transaction", "fields": {"date": "2009-10-08", "description": "Betalninv av faktura: dom\u00e4nnamn blogressiv.de"}}, {"pk": 88, "model": "bk.transaction", "fields": {"date": "2009-10-11", "description": "eget uttag"}}, {"pk": 89, "model": "bk.transaction", "fields": {"date": "2009-11-01", "description": "Faktura: serverhyra"}}, {"pk": 90, "model": "bk.transaction", "fields": {"date": "2009-11-05", "description": "Betalninv av faktura: serverhyra"}}, {"pk": 91, "model": "bk.transaction", "fields": {"date": "2009-12-01", "description": "Faktura: serverhyra"}}, {"pk": 92, "model": "bk.transaction", "fields": {"date": "2009-12-04", "description": "Betalninv av faktura: serverhyra"}}, {"pk": 93, "model": "bk.transaction", "fields": {"date": "2009-09-01", "description": "Faktura: delanv\u00e4ndning av serverkapacitet"}}, {"pk": 94, "model": "bk.transaction", "fields": {"date": "2009-09-14", "description": "Betalninv av faktura: delanv\u00e4ndning av serverkapacitet"}}, {"pk": 95, "model": "bk.transaction", "fields": {"date": "2009-09-01", "description": "Faktura: uppbyggnad och underh\u00e5lla av webbplats stellarcollapse.org"}}, {"pk": 96, "model": "bk.transaction", "fields": {"date": "2009-09-14", "description": "Betalninv av faktura: uppbyggnad och underh\u00e5lla av webbplats stellarcollapse.org"}}, {"pk": 97, "model": "bk.transaction", "fields": {"date": "2009-09-01", "description": "Faktura: uppbyggnad och underh\u00e5lla av webbplats gwbursts.org"}}, {"pk": 98, "model": "bk.transaction", "fields": {"date": "2009-09-14", "description": "Betalninv av faktura: uppbyggnad och underh\u00e5lla av webbplats gwbursts.org"}}, {"pk": 99, "model": "bk.transaction", "fields": {"date": "2009-09-03", "description": "Faktura: delanv\u00e4ndning av serverkapacitet"}}, {"pk": 100, "model": "bk.transaction", "fields": {"date": "2009-09-28", "description": "Betalninv av faktura: delanv\u00e4ndning av serverkapacitet"}}, {"pk": 101, "model": "bk.transaction", "fields": {"date": "2009-09-01", "description": "Faktura: delanv\u00e4ndning av serverkapacitet"}}, {"pk": 102, "model": "bk.transaction", "fields": {"date": "2009-12-14", "description": "Faktura: ut\u00f6kning och support f\u00f6r hemsidan gwbursts.org"}}, {"pk": 103, "model": "bk.transaction", "fields": {"date": "2009-12-14", "description": "Faktura: teknisk support f\u00f6r popast.nu"}}, {"pk": 104, "model": "bk.transaction", "fields": {"date": "2009-12-22", "description": "Betalninv av faktura: teknisk support f\u00f6r popast.nu"}}, {"pk": 105, "model": "bk.transaction", "fields": {"date": "2009-12-27", "description": "Faktura: dom\u00e4nnamn schwedenwiki.de"}}, {"pk": 106, "model": "bk.transaction", "fields": {"date": "2009-12-28", "description": "Betalninv av faktura: dom\u00e4nnamn schwedenwiki.de"}}, {"pk": 107, "model": "bk.transaction", "fields": {"date": "2009-10-01", "description": "bankavgifter f\u00f6r 4 st erh\u00e5llna eu-betalningar"}}, {"pk": 1, "model": "bk.booking", "fields": {"acc": 1220, "credit": null, "trans": 1, "debit": "11904.11"}}, {"pk": 2, "model": "bk.booking", "fields": {"acc": 1930, "credit": null, "trans": 1, "debit": "5116.92"}}, {"pk": 3, "model": "bk.booking", "fields": {"acc": 1930, "credit": "441.91", "trans": 52, "debit": null}}, {"pk": 4, "model": "bk.booking", "fields": {"acc": 2440, "credit": "441.91", "trans": 52, "debit": null}}, {"pk": 5, "model": "bk.booking", "fields": {"acc": 2440, "credit": null, "trans": 52, "debit": "441.91"}}, {"pk": 6, "model": "bk.booking", "fields": {"acc": 4600, "credit": null, "trans": 52, "debit": "441.91"}}, {"pk": 7, "model": "bk.booking", "fields": {"acc": 1930, "credit": "2000", "trans": 13, "debit": null}}, {"pk": 8, "model": "bk.booking", "fields": {"acc": 2010, "credit": null, "trans": 13, "debit": "2000"}}, {"pk": 9, "model": "bk.booking", "fields": {"acc": 1930, "credit": "64.4", "trans": 49, "debit": null}}, {"pk": 10, "model": "bk.booking", "fields": {"acc": 2440, "credit": "64.4", "trans": 49, "debit": null}}, {"pk": 11, "model": "bk.booking", "fields": {"acc": 2440, "credit": null, "trans": 49, "debit": "64.4"}}, {"pk": 12, "model": "bk.booking", "fields": {"acc": 4600, "credit": null, "trans": 49, "debit": "64.4"}}, {"pk": 13, "model": "bk.booking", "fields": {"acc": 1930, "credit": null, "trans": 14, "debit": "600"}}, {"pk": 14, "model": "bk.booking", "fields": {"acc": 2010, "credit": "600", "trans": 14, "debit": null}}, {"pk": 15, "model": "bk.booking", "fields": {"acc": 1930, "credit": "449.04", "trans": 53, "debit": null}}, {"pk": 16, "model": "bk.booking", "fields": {"acc": 2440, "credit": "449.04", "trans": 53, "debit": null}}, {"pk": 17, "model": "bk.booking", "fields": {"acc": 2440, "credit": null, "trans": 53, "debit": "449.04"}}, {"pk": 18, "model": "bk.booking", "fields": {"acc": 4600, "credit": null, "trans": 53, "debit": "449.04"}}, {"pk": 19, "model": "bk.booking", "fields": {"acc": 1930, "credit": "460.14", "trans": 54, "debit": null}}, {"pk": 20, "model": "bk.booking", "fields": {"acc": 2440, "credit": "460.14", "trans": 54, "debit": null}}, {"pk": 21, "model": "bk.booking", "fields": {"acc": 2440, "credit": null, "trans": 54, "debit": "460.14"}}, {"pk": 22, "model": "bk.booking", "fields": {"acc": 4600, "credit": null, "trans": 54, "debit": "460.14"}}, {"pk": 23, "model": "bk.booking", "fields": {"acc": 1930, "credit": "67.06", "trans": 50, "debit": null}}, {"pk": 24, "model": "bk.booking", "fields": {"acc": 2440, "credit": "67.06", "trans": 50, "debit": null}}, {"pk": 25, "model": "bk.booking", "fields": {"acc": 2440, "credit": null, "trans": 50, "debit": "67.06"}}, {"pk": 26, "model": "bk.booking", "fields": {"acc": 4600, "credit": null, "trans": 50, "debit": "67.06"}}, {"pk": 27, "model": "bk.booking", "fields": {"acc": 1930, "credit": "67.06", "trans": 51, "debit": null}}, {"pk": 28, "model": "bk.booking", "fields": {"acc": 2440, "credit": "67.06", "trans": 51, "debit": null}}, {"pk": 29, "model": "bk.booking", "fields": {"acc": 2440, "credit": null, "trans": 51, "debit": "67.06"}}, {"pk": 30, "model": "bk.booking", "fields": {"acc": 4600, "credit": null, "trans": 51, "debit": "67.06"}}, {"pk": 31, "model": "bk.booking", "fields": {"acc": 1930, "credit": "30.68", "trans": 15, "debit": null}}, {"pk": 32, "model": "bk.booking", "fields": {"acc": 7960, "credit": null, "trans": 15, "debit": "30.68"}}, {"pk": 33, "model": "bk.booking", "fields": {"acc": 2614, "credit": null, "trans": 16, "debit": "387.42"}}, {"pk": 34, "model": "bk.booking", "fields": {"acc": 2645, "credit": "387.42", "trans": 16, "debit": null}}, {"pk": 35, "model": "bk.booking", "fields": {"acc": 1930, "credit": null, "trans": 17, "debit": "1000"}}, {"pk": 36, "model": "bk.booking", "fields": {"acc": 2010, "credit": "1000", "trans": 17, "debit": null}}, {"pk": 37, "model": "bk.booking", "fields": {"acc": 2440, "credit": "446.49", "trans": 55, "debit": null}}, {"pk": 38, "model": "bk.booking", "fields": {"acc": 4600, "credit": null, "trans": 55, "debit": "446.49"}}, {"pk": 39, "model": "bk.booking", "fields": {"acc": 2645, "credit": "111.62", "trans": 55, "debit": null}}, {"pk": 40, "model": "bk.booking", "fields": {"acc": 2614, "credit": null, "trans": 55, "debit": "111.62"}}, {"pk": 41, "model": "bk.booking", "fields": {"acc": 7960, "credit": null, "trans": 56, "debit": "5.34"}}, {"pk": 42, "model": "bk.booking", "fields": {"acc": 1930, "credit": "451.83", "trans": 56, "debit": null}}, {"pk": 43, "model": "bk.booking", "fields": {"acc": 2440, "credit": null, "trans": 56, "debit": "446.49"}}, {"pk": 44, "model": "bk.booking", "fields": {"acc": 1930, "credit": "1559.13", "trans": 57, "debit": null}}, {"pk": 45, "model": "bk.booking", "fields": {"acc": 1970, "credit": null, "trans": 57, "debit": "1559.13"}}, {"pk": 46, "model": "bk.booking", "fields": {"acc": 2440, "credit": "438.75", "trans": 58, "debit": null}}, {"pk": 47, "model": "bk.booking", "fields": {"acc": 4600, "credit": null, "trans": 58, "debit": "438.75"}}, {"pk": 48, "model": "bk.booking", "fields": {"acc": 2645, "credit": "109.69", "trans": 58, "debit": null}}, {"pk": 49, "model": "bk.booking", "fields": {"acc": 2614, "credit": null, "trans": 58, "debit": "109.69"}}, {"pk": 50, "model": "bk.booking", "fields": {"acc": 7960, "credit": null, "trans": 59, "debit": "4.65"}}, {"pk": 51, "model": "bk.booking", "fields": {"acc": 1930, "credit": "443.4", "trans": 59, "debit": null}}, {"pk": 52, "model": "bk.booking", "fields": {"acc": 2440, "credit": null, "trans": 59, "debit": "438.75"}}, {"pk": 53, "model": "bk.booking", "fields": {"acc": 2440, "credit": "130.7", "trans": 60, "debit": null}}, {"pk": 54, "model": "bk.booking", "fields": {"acc": 4600, "credit": null, "trans": 60, "debit": "130.7"}}, {"pk": 55, "model": "bk.booking", "fields": {"acc": 2645, "credit": "32.68", "trans": 60, "debit": null}}, {"pk": 56, "model": "bk.booking", "fields": {"acc": 2614, "credit": null, "trans": 60, "debit": "32.68"}}, {"pk": 57, "model": "bk.booking", "fields": {"acc": 7960, "credit": null, "trans": 61, "debit": "2.35"}}, {"pk": 58, "model": "bk.booking", "fields": {"acc": 1930, "credit": "133.05", "trans": 61, "debit": null}}, {"pk": 59, "model": "bk.booking", "fields": {"acc": 2440, "credit": null, "trans": 61, "debit": "130.7"}}, {"pk": 60, "model": "bk.booking", "fields": {"acc": 2640, "credit": null, "trans": 62, "debit": "39.6"}}, {"pk": 61, "model": "bk.booking", "fields": {"acc": 2440, "credit": "198", "trans": 62, "debit": null}}, {"pk": 62, "model": "bk.booking", "fields": {"acc": 4600, "credit": null, "trans": 62, "debit": "158.4"}}, {"pk": 63, "model": "bk.booking", "fields": {"acc": 2010, "credit": "198", "trans": 63, "debit": null}}, {"pk": 64, "model": "bk.booking", "fields": {"acc": 2440, "credit": null, "trans": 63, "debit": "198"}}, {"pk": 65, "model": "bk.booking", "fields": {"acc": 2440, "credit": "437.78", "trans": 64, "debit": null}}, {"pk": 66, "model": "bk.booking", "fields": {"acc": 4600, "credit": null, "trans": 64, "debit": "437.78"}}, {"pk": 67, "model": "bk.booking", "fields": {"acc": 2645, "credit": "109.44", "trans": 64, "debit": null}}, {"pk": 68, "model": "bk.booking", "fields": {"acc": 2614, "credit": null, "trans": 64, "debit": "109.44"}}, {"pk": 69, "model": "bk.booking", "fields": {"acc": 7960, "credit": null, "trans": 65, "debit": "15.52"}}, {"pk": 70, "model": "bk.booking", "fields": {"acc": 1930, "credit": "453.3", "trans": 65, "debit": null}}, {"pk": 71, "model": "bk.booking", "fields": {"acc": 2440, "credit": null, "trans": 65, "debit": "437.78"}}, {"pk": 72, "model": "bk.booking", "fields": {"acc": 1930, "credit": null, "trans": 66, "debit": "1000"}}, {"pk": 73, "model": "bk.booking", "fields": {"acc": 2010, "credit": "1000", "trans": 66, "debit": null}}, {"pk": 74, "model": "bk.booking", "fields": {"acc": 2640, "credit": null, "trans": 67, "debit": "3.8"}}, {"pk": 75, "model": "bk.booking", "fields": {"acc": 2440, "credit": "19", "trans": 67, "debit": null}}, {"pk": 76, "model": "bk.booking", "fields": {"acc": 4600, "credit": null, "trans": 67, "debit": "15.2"}}, {"pk": 77, "model": "bk.booking", "fields": {"acc": 1930, "credit": "19", "trans": 68, "debit": null}}, {"pk": 78, "model": "bk.booking", "fields": {"acc": 2440, "credit": null, "trans": 68, "debit": "19"}}, {"pk": 79, "model": "bk.booking", "fields": {"acc": 2440, "credit": "111.42", "trans": 69, "debit": null}}, {"pk": 80, "model": "bk.booking", "fields": {"acc": 4600, "credit": null, "trans": 69, "debit": "111.42"}}, {"pk": 81, "model": "bk.booking", "fields": {"acc": 2645, "credit": "27.86", "trans": 69, "debit": null}}, {"pk": 82, "model": "bk.booking", "fields": {"acc": 2614, "credit": null, "trans": 69, "debit": "27.86"}}, {"pk": 83, "model": "bk.booking", "fields": {"acc": 7960, "credit": null, "trans": 70, "debit": "1.9"}}, {"pk": 84, "model": "bk.booking", "fields": {"acc": 1930, "credit": "113.32", "trans": 70, "debit": null}}, {"pk": 85, "model": "bk.booking", "fields": {"acc": 2440, "credit": null, "trans": 70, "debit": "111.42"}}, {"pk": 86, "model": "bk.booking", "fields": {"acc": 2440, "credit": "441.95", "trans": 71, "debit": null}}, {"pk": 87, "model": "bk.booking", "fields": {"acc": 4600, "credit": null, "trans": 71, "debit": "441.95"}}, {"pk": 88, "model": "bk.booking", "fields": {"acc": 2645, "credit": "110.49", "trans": 71, "debit": null}}, {"pk": 89, "model": "bk.booking", "fields": {"acc": 2614, "credit": null, "trans": 71, "debit": "110.49"}}, {"pk": 90, "model": "bk.booking", "fields": {"acc": 7960, "credit": null, "trans": 72, "debit": "15.93"}}, {"pk": 91, "model": "bk.booking", "fields": {"acc": 1930, "credit": "457.88", "trans": 72, "debit": null}}, {"pk": 92, "model": "bk.booking", "fields": {"acc": 2440, "credit": null, "trans": 72, "debit": "441.95"}}, {"pk": 93, "model": "bk.booking", "fields": {"acc": 1930, "credit": null, "trans": 73, "debit": "1000"}}, {"pk": 94, "model": "bk.booking", "fields": {"acc": 2010, "credit": "1000", "trans": 73, "debit": null}}, {"pk": 95, "model": "bk.booking", "fields": {"acc": 2440, "credit": "423.62", "trans": 74, "debit": null}}, {"pk": 96, "model": "bk.booking", "fields": {"acc": 4600, "credit": null, "trans": 74, "debit": "423.62"}}, {"pk": 97, "model": "bk.booking", "fields": {"acc": 2645, "credit": "105.9", "trans": 74, "debit": null}}, {"pk": 98, "model": "bk.booking", "fields": {"acc": 2614, "credit": null, "trans": 74, "debit": "105.9"}}, {"pk": 99, "model": "bk.booking", "fields": {"acc": 7960, "credit": null, "trans": 75, "debit": "7.44"}}, {"pk": 100, "model": "bk.booking", "fields": {"acc": 1930, "credit": "431.06", "trans": 75, "debit": null}}, {"pk": 101, "model": "bk.booking", "fields": {"acc": 2440, "credit": null, "trans": 75, "debit": "423.62"}}, {"pk": 102, "model": "bk.booking", "fields": {"acc": 2640, "credit": null, "trans": 76, "debit": "19.8"}}, {"pk": 103, "model": "bk.booking", "fields": {"acc": 2440, "credit": "99", "trans": 76, "debit": null}}, {"pk": 104, "model": "bk.booking", "fields": {"acc": 4600, "credit": null, "trans": 76, "debit": "79.2"}}, {"pk": 105, "model": "bk.booking", "fields": {"acc": 1930, "credit": "99", "trans": 77, "debit": null}}, {"pk": 106, "model": "bk.booking", "fields": {"acc": 2440, "credit": null, "trans": 77, "debit": "99"}}, {"pk": 107, "model": "bk.booking", "fields": {"acc": 2440, "credit": "424.29", "trans": 78, "debit": null}}, {"pk": 108, "model": "bk.booking", "fields": {"acc": 4600, "credit": null, "trans": 78, "debit": "424.29"}}, {"pk": 109, "model": "bk.booking", "fields": {"acc": 2645, "credit": "106.07", "trans": 78, "debit": null}}, {"pk": 110, "model": "bk.booking", "fields": {"acc": 2614, "credit": null, "trans": 78, "debit": "106.07"}}, {"pk": 111, "model": "bk.booking", "fields": {"acc": 7960, "credit": null, "trans": 79, "debit": "8.36"}}, {"pk": 112, "model": "bk.booking", "fields": {"acc": 1930, "credit": "432.65", "trans": 79, "debit": null}}, {"pk": 113, "model": "bk.booking", "fields": {"acc": 2440, "credit": null, "trans": 79, "debit": "424.29"}}, {"pk": 114, "model": "bk.booking", "fields": {"acc": 2440, "credit": "102.74", "trans": 80, "debit": null}}, {"pk": 115, "model": "bk.booking", "fields": {"acc": 4600, "credit": null, "trans": 80, "debit": "102.74"}}, {"pk": 116, "model": "bk.booking", "fields": {"acc": 2645, "credit": "25.68", "trans": 80, "debit": null}}, {"pk": 117, "model": "bk.booking", "fields": {"acc": 2614, "credit": null, "trans": 80, "debit": "25.68"}}, {"pk": 118, "model": "bk.booking", "fields": {"acc": 7960, "credit": null, "trans": 81, "debit": "2.09"}}, {"pk": 119, "model": "bk.booking", "fields": {"acc": 1930, "credit": "104.83", "trans": 81, "debit": null}}, {"pk": 120, "model": "bk.booking", "fields": {"acc": 2440, "credit": null, "trans": 81, "debit": "102.74"}}, {"pk": 121, "model": "bk.booking", "fields": {"acc": 2640, "credit": null, "trans": 82, "debit": "169.6"}}, {"pk": 122, "model": "bk.booking", "fields": {"acc": 2440, "credit": "848", "trans": 82, "debit": null}}, {"pk": 123, "model": "bk.booking", "fields": {"acc": 5400, "credit": null, "trans": 82, "debit": "678.4"}}, {"pk": 124, "model": "bk.booking", "fields": {"acc": 1930, "credit": "848", "trans": 83, "debit": null}}, {"pk": 125, "model": "bk.booking", "fields": {"acc": 2440, "credit": null, "trans": 83, "debit": "848"}}, {"pk": 126, "model": "bk.booking", "fields": {"acc": 2440, "credit": "421.17", "trans": 84, "debit": null}}, {"pk": 127, "model": "bk.booking", "fields": {"acc": 4600, "credit": null, "trans": 84, "debit": "421.17"}}, {"pk": 128, "model": "bk.booking", "fields": {"acc": 2645, "credit": "105.29", "trans": 84, "debit": null}}, {"pk": 129, "model": "bk.booking", "fields": {"acc": 2614, "credit": null, "trans": 84, "debit": "105.29"}}, {"pk": 130, "model": "bk.booking", "fields": {"acc": 7960, "credit": null, "trans": 85, "debit": "8.11"}}, {"pk": 131, "model": "bk.booking", "fields": {"acc": 1930, "credit": "429.28", "trans": 85, "debit": null}}, {"pk": 132, "model": "bk.booking", "fields": {"acc": 2440, "credit": null, "trans": 85, "debit": "421.17"}}, {"pk": 133, "model": "bk.booking", "fields": {"acc": 2440, "credit": "61.6", "trans": 86, "debit": null}}, {"pk": 134, "model": "bk.booking", "fields": {"acc": 4600, "credit": null, "trans": 86, "debit": "61.6"}}, {"pk": 135, "model": "bk.booking", "fields": {"acc": 2645, "credit": "15.4", "trans": 86, "debit": null}}, {"pk": 136, "model": "bk.booking", "fields": {"acc": 2614, "credit": null, "trans": 86, "debit": "15.4"}}, {"pk": 137, "model": "bk.booking", "fields": {"acc": 7960, "credit": null, "trans": 87, "debit": "1.27"}}, {"pk": 138, "model": "bk.booking", "fields": {"acc": 1930, "credit": "62.87", "trans": 87, "debit": null}}, {"pk": 139, "model": "bk.booking", "fields": {"acc": 2440, "credit": null, "trans": 87, "debit": "61.6"}}, {"pk": 140, "model": "bk.booking", "fields": {"acc": 1930, "credit": "9000", "trans": 88, "debit": null}}, {"pk": 141, "model": "bk.booking", "fields": {"acc": 2010, "credit": null, "trans": 88, "debit": "9000"}}, {"pk": 142, "model": "bk.booking", "fields": {"acc": 2440, "credit": "430.79", "trans": 89, "debit": null}}, {"pk": 143, "model": "bk.booking", "fields": {"acc": 4600, "credit": null, "trans": 89, "debit": "430.79"}}, {"pk": 144, "model": "bk.booking", "fields": {"acc": 2645, "credit": "107.7", "trans": 89, "debit": null}}, {"pk": 145, "model": "bk.booking", "fields": {"acc": 2614, "credit": null, "trans": 89, "debit": "107.7"}}, {"pk": 146, "model": "bk.booking", "fields": {"acc": 7960, "credit": null, "trans": 90, "debit": "6.16"}}, {"pk": 147, "model": "bk.booking", "fields": {"acc": 1930, "credit": "436.95", "trans": 90, "debit": null}}, {"pk": 148, "model": "bk.booking", "fields": {"acc": 2440, "credit": null, "trans": 90, "debit": "430.79"}}, {"pk": 149, "model": "bk.booking", "fields": {"acc": 2440, "credit": "429.53", "trans": 91, "debit": null}}, {"pk": 150, "model": "bk.booking", "fields": {"acc": 4600, "credit": null, "trans": 91, "debit": "429.53"}}, {"pk": 151, "model": "bk.booking", "fields": {"acc": 2645, "credit": "107.38", "trans": 91, "debit": null}}, {"pk": 152, "model": "bk.booking", "fields": {"acc": 2614, "credit": null, "trans": 91, "debit": "107.38"}}, {"pk": 153, "model": "bk.booking", "fields": {"acc": 7960, "credit": null, "trans": 92, "debit": "3.16"}}, {"pk": 154, "model": "bk.booking", "fields": {"acc": 1930, "credit": "432.69", "trans": 92, "debit": null}}, {"pk": 155, "model": "bk.booking", "fields": {"acc": 2440, "credit": null, "trans": 92, "debit": "429.53"}}, {"pk": 156, "model": "bk.booking", "fields": {"acc": 2610, "credit": "392.49", "trans": 93, "debit": null}}, {"pk": 157, "model": "bk.booking", "fields": {"acc": 1500, "credit": null, "trans": 93, "debit": "1962.45"}}, {"pk": 158, "model": "bk.booking", "fields": {"acc": 3000, "credit": "1569.96", "trans": 93, "debit": null}}, {"pk": 159, "model": "bk.booking", "fields": {"acc": 7960, "credit": null, "trans": 94, "debit": "5.64"}}, {"pk": 160, "model": "bk.booking", "fields": {"acc": 1930, "credit": null, "trans": 94, "debit": "1956.81"}}, {"pk": 161, "model": "bk.booking", "fields": {"acc": 1500, "credit": "1962.45", "trans": 94, "debit": null}}, {"pk": 162, "model": "bk.booking", "fields": {"acc": 2610, "credit": "1022.1", "trans": 95, "debit": null}}, {"pk": 163, "model": "bk.booking", "fields": {"acc": 1500, "credit": null, "trans": 95, "debit": "5110.5"}}, {"pk": 164, "model": "bk.booking", "fields": {"acc": 3000, "credit": "4088.4", "trans": 95, "debit": null}}, {"pk": 165, "model": "bk.booking", "fields": {"acc": 7960, "credit": null, "trans": 96, "debit": "14.65"}}, {"pk": 166, "model": "bk.booking", "fields": {"acc": 1930, "credit": null, "trans": 96, "debit": "5095.85"}}, {"pk": 167, "model": "bk.booking", "fields": {"acc": 1500, "credit": "5110.5", "trans": 96, "debit": null}}, {"pk": 168, "model": "bk.booking", "fields": {"acc": 2610, "credit": "1022.1", "trans": 97, "debit": null}}, {"pk": 169, "model": "bk.booking", "fields": {"acc": 1500, "credit": null, "trans": 97, "debit": "5110.5"}}, {"pk": 170, "model": "bk.booking", "fields": {"acc": 3000, "credit": "4088.4", "trans": 97, "debit": null}}, {"pk": 171, "model": "bk.booking", "fields": {"acc": 7960, "credit": null, "trans": 98, "debit": "14.65"}}, {"pk": 172, "model": "bk.booking", "fields": {"acc": 1930, "credit": null, "trans": 98, "debit": "5095.85"}}, {"pk": 173, "model": "bk.booking", "fields": {"acc": 1500, "credit": "5110.5", "trans": 98, "debit": null}}, {"pk": 174, "model": "bk.booking", "fields": {"acc": 2610, "credit": "196.24", "trans": 99, "debit": null}}, {"pk": 175, "model": "bk.booking", "fields": {"acc": 1500, "credit": null, "trans": 99, "debit": "981.2"}}, {"pk": 176, "model": "bk.booking", "fields": {"acc": 3000, "credit": "784.96", "trans": 99, "debit": null}}, {"pk": 177, "model": "bk.booking", "fields": {"acc": 7960, "credit": null, "trans": 100, "debit": "2.21"}}, {"pk": 178, "model": "bk.booking", "fields": {"acc": 1930, "credit": null, "trans": 100, "debit": "978.99"}}, {"pk": 179, "model": "bk.booking", "fields": {"acc": 1500, "credit": "981.2", "trans": 100, "debit": null}}, {"pk": 180, "model": "bk.booking", "fields": {"acc": 2610, "credit": "196.24", "trans": 101, "debit": null}}, {"pk": 181, "model": "bk.booking", "fields": {"acc": 1500, "credit": null, "trans": 101, "debit": "981.2"}}, {"pk": 182, "model": "bk.booking", "fields": {"acc": 3000, "credit": "784.96", "trans": 101, "debit": null}}, {"pk": 183, "model": "bk.booking", "fields": {"acc": 2610, "credit": "208", "trans": 102, "debit": null}}, {"pk": 184, "model": "bk.booking", "fields": {"acc": 1500, "credit": null, "trans": 102, "debit": "1040"}}, {"pk": 185, "model": "bk.booking", "fields": {"acc": 3000, "credit": "832", "trans": 102, "debit": null}}, {"pk": 186, "model": "bk.booking", "fields": {"acc": 2610, "credit": "500", "trans": 103, "debit": null}}, {"pk": 187, "model": "bk.booking", "fields": {"acc": 1500, "credit": null, "trans": 103, "debit": "2500"}}, {"pk": 188, "model": "bk.booking", "fields": {"acc": 3000, "credit": "2000", "trans": 103, "debit": null}}, {"pk": 189, "model": "bk.booking", "fields": {"acc": 1930, "credit": null, "trans": 104, "debit": "2500"}}, {"pk": 190, "model": "bk.booking", "fields": {"acc": 1500, "credit": "2500", "trans": 104, "debit": null}}, {"pk": 191, "model": "bk.booking", "fields": {"acc": 2440, "credit": "62.76", "trans": 105, "debit": null}}, {"pk": 192, "model": "bk.booking", "fields": {"acc": 4600, "credit": null, "trans": 105, "debit": "62.76"}}, {"pk": 193, "model": "bk.booking", "fields": {"acc": 2645, "credit": "15.69", "trans": 105, "debit": null}}, {"pk": 194, "model": "bk.booking", "fields": {"acc": 2614, "credit": null, "trans": 105, "debit": "15.69"}}, {"pk": 195, "model": "bk.booking", "fields": {"acc": 7960, "credit": null, "trans": 106, "debit": "1.11"}}, {"pk": 196, "model": "bk.booking", "fields": {"acc": 1930, "credit": "63.87", "trans": 106, "debit": null}}, {"pk": 197, "model": "bk.booking", "fields": {"acc": 2440, "credit": null, "trans": 106, "debit": "62.76"}}, {"pk": 198, "model": "bk.booking", "fields": {"acc": 1930, "credit": "40", "trans": 107, "debit": null}}, {"pk": 199, "model": "bk.booking", "fields": {"acc": 6900, "credit": null, "trans": 107, "debit": "40"}}, {"pk": 1, "model": "bk.counterpart", "fields": {"isCustomer": false, "name": "DD24"}}, {"pk": 2, "model": "bk.counterpart", "fields": {"isCustomer": false, "name": "Hetzner"}}, {"pk": 3, "model": "bk.counterpart", "fields": {"isCustomer": false, "name": "Loopia"}}, {"pk": 4, "model": "bk.counterpart", "fields": {"isCustomer": false, "name": "Webhallen"}}, {"pk": 5, "model": "bk.counterpart", "fields": {"isCustomer": true, "name": "Christian Ott"}}, {"pk": 6, "model": "bk.counterpart", "fields": {"isCustomer": true, "name": "Ralf Neubauer"}}, {"pk": 7, "model": "bk.counterpart", "fields": {"isCustomer": true, "name": "Nicolas Gustafsson"}}, {"pk": 8, "model": "bk.counterpart", "fields": {"isCustomer": true, "name": "PopAst"}}, {"pk": 1, "model": "bk.invoice", "fields": {"date": "2009-04-01", "counterpart": 2, "trans": 55, "paytrans": 56, "description": "serverhyra"}}, {"pk": 2, "model": "bk.invoice", "fields": {"date": "2009-05-01", "counterpart": 2, "trans": 58, "paytrans": 59, "description": "serverhyra"}}, {"pk": 3, "model": "bk.invoice", "fields": {"date": "2009-05-01", "counterpart": 1, "trans": 60, "paytrans": 61, "description": "dom\u00e4nnamn star-fromaing-dwarfs.org samt atheistundgut.de"}}, {"pk": 4, "model": "bk.invoice", "fields": {"date": "2009-05-04", "counterpart": 3, "trans": 62, "paytrans": 63, "description": "dom\u00e4nnamn oddfellas.se samt tmy.se"}}, {"pk": 5, "model": "bk.invoice", "fields": {"date": "2009-06-01", "counterpart": 2, "trans": 64, "paytrans": 65, "description": "serverhyra"}}, {"pk": 6, "model": "bk.invoice", "fields": {"date": "2009-06-06", "counterpart": 3, "trans": 67, "paytrans": 68, "description": "dom\u00e4nnamn betreff.eu"}}, {"pk": 7, "model": "bk.invoice", "fields": {"date": "2009-06-25", "counterpart": 3, "trans": 69, "paytrans": 70, "description": "dom\u00e4nnamn thomasmarquart.net"}}, {"pk": 8, "model": "bk.invoice", "fields": {"date": "2009-07-01", "counterpart": 2, "trans": 71, "paytrans": 72, "description": "serverhyra"}}, {"pk": 9, "model": "bk.invoice", "fields": {"date": "2009-08-01", "counterpart": 2, "trans": 74, "paytrans": 75, "description": "serverhyra"}}, {"pk": 10, "model": "bk.invoice", "fields": {"date": "2009-09-01", "counterpart": 3, "trans": 76, "paytrans": 77, "description": "dom\u00e4nnamn marquart.se"}}, {"pk": 11, "model": "bk.invoice", "fields": {"date": "2009-09-01", "counterpart": 2, "trans": 78, "paytrans": 79, "description": "serverhyra"}}, {"pk": 12, "model": "bk.invoice", "fields": {"date": "2009-09-28", "counterpart": 1, "trans": 80, "paytrans": 81, "description": "dom\u00e4nnamn apparentbrightness.net"}}, {"pk": 13, "model": "bk.invoice", "fields": {"date": "2009-09-15", "counterpart": 4, "trans": 82, "paytrans": 83, "description": "h\u00e5rddisk f\u00f6r fotolagring och backup"}}, {"pk": 14, "model": "bk.invoice", "fields": {"date": "2009-10-01", "counterpart": 2, "trans": 84, "paytrans": 85, "description": "serverhyra"}}, {"pk": 15, "model": "bk.invoice", "fields": {"date": "2009-10-07", "counterpart": 1, "trans": 86, "paytrans": 87, "description": "dom\u00e4nnamn blogressiv.de"}}, {"pk": 16, "model": "bk.invoice", "fields": {"date": "2009-11-01", "counterpart": 2, "trans": 89, "paytrans": 90, "description": "serverhyra"}}, {"pk": 17, "model": "bk.invoice", "fields": {"date": "2009-12-01", "counterpart": 2, "trans": 91, "paytrans": 92, "description": "serverhyra"}}, {"pk": 18, "model": "bk.invoice", "fields": {"date": "2009-09-01", "counterpart": 5, "trans": 93, "paytrans": 94, "description": "delanv\u00e4ndning av serverkapacitet"}}, {"pk": 19, "model": "bk.invoice", "fields": {"date": "2009-09-01", "counterpart": 5, "trans": 95, "paytrans": 96, "description": "uppbyggnad och underh\u00e5lla av webbplats stellarcollapse.org"}}, {"pk": 20, "model": "bk.invoice", "fields": {"date": "2009-09-01", "counterpart": 5, "trans": 97, "paytrans": 98, "description": "uppbyggnad och underh\u00e5lla av webbplats gwbursts.org"}}, {"pk": 21, "model": "bk.invoice", "fields": {"date": "2009-09-03", "counterpart": 6, "trans": 99, "paytrans": 100, "description": "delanv\u00e4ndning av serverkapacitet"}}, {"pk": 22, "model": "bk.invoice", "fields": {"date": "2009-09-03", "counterpart": 7, "trans": 101, "paytrans": null, "description": "delanv\u00e4ndning av serverkapacitet"}}, {"pk": 23, "model": "bk.invoice", "fields": {"date": "2009-12-14", "counterpart": 5, "trans": 102, "paytrans": null, "description": "ut\u00f6kning och support f\u00f6r hemsidan gwbursts.org"}}, {"pk": 24, "model": "bk.invoice", "fields": {"date": "2009-12-14", "counterpart": 8, "trans": 103, "paytrans": 104, "description": "teknisk support f\u00f6r popast.nu"}}, {"pk": 25, "model": "bk.invoice", "fields": {"date": "2009-12-27", "counterpart": 1, "trans": 105, "paytrans": 106, "description": "dom\u00e4nnamn schwedenwiki.de"}}]
