INSERT INTO bk_account VALUES ("1220", "0.0", "1", "Maskiner och inventarier");
INSERT INTO bk_account VALUES ("1229", "0.0", "1", "Årets avskrivningar på maskiner och inventarier");
INSERT INTO bk_account VALUES ("1500", "0.0", "1", "Kundfordringar");
INSERT INTO bk_account VALUES ("1930", "0.0", "1", "Checkräkningskonto");
INSERT INTO bk_account VALUES ("2013", "0.0", "0", "Egna uttag");
INSERT INTO bk_account VALUES ("2017", "0.0", "0", "Egna insättningar");
INSERT INTO bk_account VALUES ("2440", "0.0", "0", "Leverantörsskulder");
INSERT INTO bk_account VALUES ("2610", "0.0", "0", "Utgående moms  oreducerad");
INSERT INTO bk_account VALUES ("2614", "0.0", "0", "Beräknad utgående moms på tjänsteförvärv från utlandet  oreducerad");
INSERT INTO bk_account VALUES ("2640", "0.0", "0", "Ingående moms");
INSERT INTO bk_account VALUES ("2645", "0.0", "0", "Beräknad ingående moms på förvärv från utlandet");
INSERT INTO bk_account VALUES ("3000", "0.0", "0", "Försäljning och utfört arbete samt övriga momspliktiga intäkter");
INSERT INTO bk_account VALUES ("3100", "0.0", "0", "Momsfria intäkter");
INSERT INTO bk_account VALUES ("4000", "0.0", "1", "Varor");
INSERT INTO bk_account VALUES ("4600", "0.0", "1", "Legoarbeten och underentreprenader");
INSERT INTO bk_account VALUES ("5400", "0.0", "1", "Förbrukningsinventarier och förbrukningsmaterial");
INSERT INTO bk_account VALUES ("5500", "0.0", "1", "Reparation och underhåll");
INSERT INTO bk_account VALUES ("6100", "0.0", "1", "Kontorsmateriel och trycksaker");
INSERT INTO bk_account VALUES ("7960", "0.0", "1", "Valutakursförluster på fordringar och skulder av rörelsekaraktär");
INSERT OR IGNORE INTO bk_transaction VALUES ("52", "2009-01-01", "hyra av server");
INSERT INTO bk_booking VALUES (NULL, "52", "1930", NULL, 441.91);
INSERT OR IGNORE INTO bk_transaction VALUES ("52", "2009-01-01", "hyra av server");
INSERT INTO bk_booking VALUES (NULL, "52", "2440", NULL, 441.91);
INSERT OR IGNORE INTO bk_transaction VALUES ("52", "2009-01-01", "hyra av server");
INSERT INTO bk_booking VALUES (NULL, "52", "2440", 441.91, NULL);
INSERT OR IGNORE INTO bk_transaction VALUES ("52", "2009-01-01", "hyra av server");
INSERT INTO bk_booking VALUES (NULL, "52", "4600", 441.91, NULL);
INSERT OR IGNORE INTO bk_transaction VALUES ("13", "2009-01-13", "eget uttag");
INSERT INTO bk_booking VALUES (NULL, "13", "1930", NULL, 2000);
INSERT OR IGNORE INTO bk_transaction VALUES ("13", "2009-01-13", "eget uttag");
INSERT INTO bk_booking VALUES (NULL, "13", "2013", 2000, NULL);
INSERT OR IGNORE INTO bk_transaction VALUES ("49", "2009-01-23", "domännamn erderhitzung.de");
INSERT INTO bk_booking VALUES (NULL, "49", "1930", NULL, 64.4);
INSERT OR IGNORE INTO bk_transaction VALUES ("49", "2009-01-23", "domännamn erderhitzung.de");
INSERT INTO bk_booking VALUES (NULL, "49", "2440", NULL, 64.4);
INSERT OR IGNORE INTO bk_transaction VALUES ("49", "2009-01-23", "domännamn erderhitzung.de");
INSERT INTO bk_booking VALUES (NULL, "49", "2440", 64.4, NULL);
INSERT OR IGNORE INTO bk_transaction VALUES ("49", "2009-01-23", "domännamn erderhitzung.de");
INSERT INTO bk_booking VALUES (NULL, "49", "4600", 64.4, NULL);
INSERT OR IGNORE INTO bk_transaction VALUES ("14", "2009-01-26", "egen insättning (pengar som borde ha kommit till privatkonto)");
INSERT INTO bk_booking VALUES (NULL, "14", "1930", 600, NULL);
INSERT OR IGNORE INTO bk_transaction VALUES ("14", "2009-01-26", "egen insättning (pengar som borde ha kommit till privatkonto)");
INSERT INTO bk_booking VALUES (NULL, "14", "2013", NULL, 600);
INSERT OR IGNORE INTO bk_transaction VALUES ("53", "2009-02-01", "hyra av server");
INSERT INTO bk_booking VALUES (NULL, "53", "1930", NULL, 449.04);
INSERT OR IGNORE INTO bk_transaction VALUES ("53", "2009-02-01", "hyra av server");
INSERT INTO bk_booking VALUES (NULL, "53", "2440", NULL, 449.04);
INSERT OR IGNORE INTO bk_transaction VALUES ("53", "2009-02-01", "hyra av server");
INSERT INTO bk_booking VALUES (NULL, "53", "2440", 449.04, NULL);
INSERT OR IGNORE INTO bk_transaction VALUES ("53", "2009-02-01", "hyra av server");
INSERT INTO bk_booking VALUES (NULL, "53", "4600", 449.04, NULL);
INSERT OR IGNORE INTO bk_transaction VALUES ("54", "2009-03-01", "hyra av server");
INSERT INTO bk_booking VALUES (NULL, "54", "1930", NULL, 460.14);
INSERT OR IGNORE INTO bk_transaction VALUES ("54", "2009-03-01", "hyra av server");
INSERT INTO bk_booking VALUES (NULL, "54", "2440", NULL, 460.14);
INSERT OR IGNORE INTO bk_transaction VALUES ("54", "2009-03-01", "hyra av server");
INSERT INTO bk_booking VALUES (NULL, "54", "2440", 460.14, NULL);
INSERT OR IGNORE INTO bk_transaction VALUES ("54", "2009-03-01", "hyra av server");
INSERT INTO bk_booking VALUES (NULL, "54", "4600", 460.14, NULL);
INSERT OR IGNORE INTO bk_transaction VALUES ("50", "2009-03-11", "domännamn fiket.de");
INSERT INTO bk_booking VALUES (NULL, "50", "1930", NULL, 67.06);
INSERT OR IGNORE INTO bk_transaction VALUES ("50", "2009-03-11", "domännamn fiket.de");
INSERT INTO bk_booking VALUES (NULL, "50", "2440", NULL, 67.06);
INSERT OR IGNORE INTO bk_transaction VALUES ("50", "2009-03-11", "domännamn fiket.de");
INSERT INTO bk_booking VALUES (NULL, "50", "2440", 67.06, NULL);
INSERT OR IGNORE INTO bk_transaction VALUES ("50", "2009-03-11", "domännamn fiket.de");
INSERT INTO bk_booking VALUES (NULL, "50", "4600", 67.06, NULL);
INSERT OR IGNORE INTO bk_transaction VALUES ("51", "2009-03-13", "domännamn mm-westernreiten.de");
INSERT INTO bk_booking VALUES (NULL, "51", "1930", NULL, 67.06);
INSERT OR IGNORE INTO bk_transaction VALUES ("51", "2009-03-13", "domännamn mm-westernreiten.de");
INSERT INTO bk_booking VALUES (NULL, "51", "2440", NULL, 67.06);
INSERT OR IGNORE INTO bk_transaction VALUES ("51", "2009-03-13", "domännamn mm-westernreiten.de");
INSERT INTO bk_booking VALUES (NULL, "51", "2440", 67.06, NULL);
INSERT OR IGNORE INTO bk_transaction VALUES ("51", "2009-03-13", "domännamn mm-westernreiten.de");
INSERT INTO bk_booking VALUES (NULL, "51", "4600", 67.06, NULL);
INSERT OR IGNORE INTO bk_transaction VALUES ("15", "2009-03-15", "valutaskillnad för poster 48,52,53,54");
INSERT INTO bk_booking VALUES (NULL, "15", "1930", NULL, 30.68);
INSERT OR IGNORE INTO bk_transaction VALUES ("15", "2009-03-15", "valutaskillnad för poster 48,52,53,54");
INSERT INTO bk_booking VALUES (NULL, "15", "7960", 30.68, NULL);
INSERT OR IGNORE INTO bk_transaction VALUES ("16", "2009-03-15", "beräknat moms (EG) för poster 49-54");
INSERT INTO bk_booking VALUES (NULL, "16", "2614", NULL, 387.42);
INSERT OR IGNORE INTO bk_transaction VALUES ("16", "2009-03-15", "beräknat moms (EG) för poster 49-54");
INSERT INTO bk_booking VALUES (NULL, "16", "2645", 387.42, NULL);
INSERT OR IGNORE INTO bk_transaction VALUES ("17", "2009-04-15", "egen insättning");
INSERT INTO bk_booking VALUES (NULL, "17", "1930", 1000, NULL);
INSERT OR IGNORE INTO bk_transaction VALUES ("17", "2009-04-15", "egen insättning");
INSERT INTO bk_booking VALUES (NULL, "17", "2013", NULL, 1000);
